TRUNCATE TABLE `Address`;
TRUNCATE TABLE `Affiliation`;             
TRUNCATE TABLE `Author`;                  
TRUNCATE TABLE `Editors`;               
TRUNCATE TABLE `Interest_Field`;         
TRUNCATE TABLE `Issues`;                  
TRUNCATE TABLE `Manuscript`;             
TRUNCATE TABLE `Manuscript_Authors`;      
TRUNCATE TABLE `Manuscript_Publication`; 
TRUNCATE TABLE `Review_Decision`;         
TRUNCATE TABLE `Reviewer`;                
TRUNCATE TABLE `Reviewer_Interest`;

-- 40 address
INSERT INTO `Address` (`id_address`,`street`,`street_2`,`city`,`state`,`zip_code`,`country`) VALUES (100,"532-1607 In St.","208-4390 Pede. Avenue","Honolulu","HI","41220","Wallis and Futuna"),(101,"P.O. Box 934, 9441 Convallis Avenue","755-6192 Integer St.","New Radnor","RA","34955","Bangladesh"),(102,"P.O. Box 223, 2909 Blandit Rd.","372-5430 Mauris Rd.","Southampton","HA","3198","Mauritius"),(103,"245-5015 Porttitor Avenue","9001 Fusce Street","Fulda","HE","410805","Bosnia and Herzegovina"),(104,"Ap #864-3454 Tempor Avenue","P.O. Box 255, 460 Nullam Street","Eberswalde-Finow","Brandenburg","2652","Denmark"),(105,"983-8611 Convallis Av.","P.O. Box 610, 1486 Scelerisque Av.","Barrow-in-Furness","LA","63428","Finland"),(106,"8236 Donec Avenue","570-2255 Magna St.","North Battleford","SK","73226","Georgia"),(107,"P.O. Box 174, 7830 In, Road","P.O. Box 646, 5858 Amet St.","Nashville","TN","34196","Sierra Leone"),(108,"Ap #101-1434 Elit Street","Ap #695-866 Quis Road","Olathe","KS","10-585","Serbia"),(109,"956-9440 Quam, Avenue","Ap #448-8421 Urna, Rd.","Lowell","MA","7268","Kyrgyzstan"),(110,"P.O. Box 542, 2885 Sem. Ave","3996 Nec, Street","Hattiesburg","MS","65096-125","Niger"),(111,"359-6267 Ipsum Road","994-5035 In Rd.","San Jose","CA","773006","Maldives"),(112,"P.O. Box 205, 2280 Eu Ave","Ap #400-6855 Velit Ave","Anchorage","AK","3897","Peru"),(113,"P.O. Box 646, 7224 Tellus St.","5360 Mauris Road","Cleveland","OH","4104","Nepal"),(114,"Ap #581-8659 Arcu. St.","8881 Pellentesque Rd.","Hamburg","Hamburg","60616","British Indian Ocean Territory"),(115,"Ap #731-4920 Ipsum St.","Ap #141-8324 Sed Road","Bochum","North Rhine-Westphalia","R1G 0L9","Argentina"),(116,"712-8740 Sem Avenue","9294 Sit Rd.","Wadgassen","SH","42886","Austria"),(117,"P.O. Box 594, 5781 Molestie. Avenue","8228 Ut Road","Barry","GL","39921","United Arab Emirates"),(118,"P.O. Box 462, 1322 Inceptos Av.","Ap #517-1997 Rutrum Street","Hennigsdorf","BB","3403","Slovenia"),(119,"P.O. Box 429, 2700 Auctor Avenue","P.O. Box 719, 207 Volutpat. Rd.","Berlin","Berlin","15133","Mozambique");
INSERT INTO `Address` (`id_address`,`street`,`street_2`,`city`,`state`,`zip_code`,`country`) VALUES (120,"P.O. Box 686, 9107 In Rd.","Ap #304-9964 Arcu. St.","Fort Wayne","IN","61308","Guinea"),(121,"888-5886 Nulla St.","P.O. Box 856, 7820 Magnis Street","Biloxi","MS","2975","United Arab Emirates"),(122,"P.O. Box 385, 4236 Adipiscing Rd.","204-6885 Sed Avenue","Waren","MV","19807","Slovenia"),(123,"604-2412 Eget, Ave","4539 Gravida Street","Reading","PA","17-514","Singapore"),(124,"914-1395 Luctus Rd.","P.O. Box 449, 779 Morbi Street","Baddeck","Nova Scotia","939256","Cayman Islands"),(125,"Ap #545-5341 Adipiscing. St.","6452 Vel Road","Kinross","KR","76075","Liberia"),(126,"2755 Lobortis Av.","2404 Mauris St.","Annapolis Royal","Nova Scotia","0699 WU","Togo"),(127,"6447 Natoque Street","Ap #998-3288 Vitae, Avenue","Helena","MT","1641","Syria"),(128,"P.O. Box 108, 8248 Non St.","6465 Molestie Rd.","Berlin","BE","327570","Sri Lanka"),(129,"793-1694 Erat Rd.","P.O. Box 996, 627 Malesuada St.","Pitt Meadows","British Columbia","75961","Eritrea"),(130,"5561 Venenatis St.","P.O. Box 307, 993 Mauris Rd.","Oberhausen","North Rhine-Westphalia","1563","Niger"),(131,"140-6066 Mattis St.","P.O. Box 561, 3216 Enim. St.","Dumfries","DF","6789","Albania"),(132,"248-1616 Feugiat. Av.","P.O. Box 157, 9504 Neque Rd.","Naumburg","Saxony-Anhalt","56983","Cayman Islands"),(133,"399-3874 Magnis St.","2753 Erat Av.","Kapolei","HI","443091","Togo"),(134,"P.O. Box 889, 3351 Magnis Road","216-1706 Vitae Av.","Solihull","WA","1118","Senegal"),(135,"P.O. Box 329, 1860 Ullamcorper St.","392-5324 Id, Rd.","Hilo","HI","61402","Togo"),(136,"P.O. Box 826, 5747 Non Street","Ap #287-4841 Rhoncus Rd.","Whitby","YK","10606","Saint Helena, Ascension and Tristan da Cunha"),(137,"Ap #973-1228 Tempus St.","621-9170 Enim Ave","Neu-Isenburg","Hesse","72219","Hungary"),(138,"Ap #721-6427 Aenean Av.","666-1351 Maecenas Av.","Butte","MT","3288 PU","Mexico"),(139,"805-8279 Ligula. St.","Ap #249-3163 Vulputate, St.","South Bend","IN","9294","Cyprus");

-- 40 affiliations
INSERT INTO `Affiliation` (`id_affiliation`,`name`) VALUES (100,"In Tempus LLC"),(101,"Phasellus Company"),(102,"Pellentesque Tellus Sem Foundation"),(103,"Mi Lacinia Company"),(104,"Auctor Velit Aliquam Limited"),(105,"Et Rutrum LLC"),(106,"Nisl Sem Company"),(107,"Et Euismod Et Limited"),(108,"Duis Ac Arcu PC"),(109,"Sed LLC");
INSERT INTO `Affiliation` (`id_affiliation`,`name`) VALUES (110,"Mi Fringilla Mi LLP"),(111,"Massa Rutrum Magna Ltd"),(112,"Elit Fermentum Consulting"),(113,"Fusce Institute"),(114,"Tempor Industries"),(115,"Donec Nibh Enim Associates"),(116,"Faucibus Ut Nulla Limited"),(117,"Quis Inc."),(118,"Suscipit Nonummy Consulting"),(119,"Libero Proin Sed Institute");
INSERT INTO `Affiliation` (`id_affiliation`,`name`) VALUES (120,"Vestibulum Limited"),(121,"Morbi Ltd"),(122,"Dolor Donec Fringilla LLP"),(123,"Semper LLP"),(124,"Nulla LLP"),(125,"Et Company"),(126,"Risus Odio Corporation"),(127,"A Facilisis Incorporated"),(128,"Lectus LLC"),(129,"Placerat Incorporated");
INSERT INTO `Affiliation` (`id_affiliation`,`name`) VALUES (130,"Ac Inc."),(131,"Egestas LLC"),(132,"Nulla Corporation"),(133,"Orci Luctus Corporation"),(134,"Enim PC"),(135,"Lacus Mauris Non LLC"),(136,"Nec Ante Maecenas Limited"),(137,"Eu LLP"),(138,"Vestibulum Ante Ipsum Corporation"),(139,"Non Consulting");

-- 20 authors
INSERT INTO `Author` (`id_author`,`first_name`,`last_name`,`emai`,`id_address`,`id_affiliation`,`password`) VALUES (100,"Blair","Steele","at.pretium@egetnisi.net",23,17,"7690"),(101,"Tanner","Delgado","quis.massa.Mauris@dapibusidblandit.com",16,30,"6835"),(102,"Gray","Hawkins","tellus.Aenean.egestas@leo.org",19,3,"9298"),(103,"Dawn","Ochoa","sem.egestas@tellusloremeu.ca",26,8,"1439"),(104,"Jessica","Price","ut.molestie@molestiepharetra.net",33,5,"1838"),(105,"Kessie","Flynn","at@elementum.com",36,18,"8906"),(106,"Burke","Bridges","risus.Nulla.eget@interdum.net",24,3,"8521"),(107,"Mercedes","Schwartz","id@fermentumrisus.co.uk",20,29,"5947"),(108,"Fritz","Erickson","vestibulum.massa.rutrum@rhoncusDonec.ca",34,19,"8959"),(109,"Martin","Cohen","fames.ac@justoeuarcu.org",1,21,"4686");
INSERT INTO `Author` (`id_author`,`first_name`,`last_name`,`emai`,`id_address`,`id_affiliation`,`password`) VALUES (110,"Denise","Short","vitae.erat@Aliquamgravida.co.uk",36,1,"6858"),(111,"Candice","White","lacus@turpis.ca",23,14,"2447"),(112,"Otto","Maddox","Cras.vulputate@sed.ca",37,2,"1561"),(113,"Galvin","Sosa","a@Etiamgravidamolestie.net",31,8,"7899"),(114,"Carl","Flynn","Duis.gravida@Maecenasmalesuada.net",10,23,"1862"),(115,"Charity","Mckenzie","ligula@tempus.com",25,25,"4185"),(116,"Hedda","Prince","luctus@enimcommodohendrerit.org",18,38,"4031"),(117,"Wylie","Shepard","consequat.purus.Maecenas@lectusjustoeu.net",7,16,"1552"),(118,"Malik","Crosby","at.arcu.Vestibulum@magna.edu",24,11,"1215"),(119,"Nayda","Monroe","urna.convallis@primis.net",26,32,"5432");

-- 10 editors
INSERT INTO `Editors` (`id_editor`,`first_name`,`last_name`,`password`) VALUES (100,"Preston","Ellis","5888"),(101,"Victoria","Russell","9814"),(102,"Ignatius","Mclean","1166"),(103,"Micah","Rich","1832"),(104,"Madaline","Hayes","4728"),(105,"Neil","Bullock","3924"),(106,"Paula","Daugherty","7102"),(107,"Asher","Barry","1535"),(108,"Quemby","Nolan","9461"),(109,"Iliana","Mercado","6128");

-- idx : 375-498? 
INSERT INTO `Interest_Field` (`field`) VALUES ('Agricultural engineering'),('Biochemical engineering'),('Biomechanical engineering'),('Ergonomics'),('Food engineering'),('Bioprocess engineering'),('Genetic engineering'),('Human genetic engineering'),('Metabolic engineering'),('Molecular engineering'),('Neural engineering'),('Protein engineering'),('Rehabilitation engineering'),('Tissue engineering'),('Aquatic and environmental engineering'),('Architectural engineering'),('Civionic engineering'),('Construction engineering'),('Earthquake engineering'),('Earth systems engineering and management'),('Ecological engineering'),('Environmental engineering'),('Geomatics engineering'),('Geotechnical engineering'),('Highway engineering'),('Hydraulic engineering'),('Landscape engineering'),('Land development engineering'),('Pavement engineering'),('Railway systems engineering'),('River engineering'),('Sanitary engineering'),('Sewage engineering'),('Structural engineering'),('Surveying'),('Traffic engineering'),('Transportation engineering'),('Urban engineering'),('Irrigation and agriculture engineering'),('Explosives engineering'),('Biomolecular engineering'),('Ceramics engineering'),('Broadcast engineering'),('Building engineering'),('Signal Processing'),('Computer engineering'),('Power systems engineering'),('Control engineering'),('Telecommunications engineering'),('Electronic engineering'),('Instrumentation engineering'),('Network engineering'),('Neuromorphic engineering'),('Engineering Technology'),('Integrated engineering'),('Value engineering'),('Cost engineering'),('Fire protection engineering'),('Domain engineering'),('Engineering economics'),('Engineering management'),('Engineering psychology'),('Ergonomics'),('Facilities Engineering'),('Logistic engineering'),('Model-driven engineering'),('Performance engineering'),('Process engineering'),('Product Family Engineering'),('Quality engineering'),('Reliability engineering'),('Safety engineering'),('Security engineering'),('Support engineering'),('Systems engineering'),('Metallurgical Engineering'),('Surface Engineering'),('Biomaterials Engineering'),('Crystal Engineering'),('Amorphous Metals'),('Metal Forming'),('Ceramic Engineering'),('Plastics Engineering'),('Forensic Materials Engineering'),('Composite Materials'),('Casting'),('Electronic Materials'),('Nano materials'),('Corrosion Engineering'),('Vitreous Materials'),('Welding'),('Acoustical engineering'),('Aerospace engineering'),('Audio engineering'),('Automotive engineering'),('Building services engineering'),('Earthquake engineering'),('Forensic engineering'),('Marine engineering'),('Mechatronics'),('Nanoengineering'),('Naval architecture'),('Sports engineering'),('Structural engineering'),('Vacuum engineering'),('Military engineering'),('Combat engineering'),('Offshore engineering'),('Optical engineering'),('Geophysical engineering'),('Mineral engineering'),('Mining engineering'),('Reservoir engineering'),('Climate engineering'),('Computer-aided engineering'),('Cryptographic engineering'),('Information engineering'),('Knowledge engineering'),('Language engineering'),('Release engineering'),('Teletraffic engineering'),('Usability engineering'),('Web engineering'),('Systems engineering');

-- 4 issues
INSERT INTO `Issues` (`id_issue`,`publication_date`,`publication_year`,`publication_period`) VALUES (100,"2017-01-01",2017,1),(101,"2017-04-21",2017,2),(102,NULL,NULL,NULL),(103,NULL,NULL,NULL);
INSERT INTO `Issues` (`id_issue`,`publication_date`,`publication_year`,`publication_period`) VALUES (999999,"2017-01-01",2017,1);

-- 7 manuscript
INSERT INTO `Manuscript` (`id_manuscript`,`title`,`ri_code`,`status`,`date_received`,`date_last_status_changed`,`file`,`id_editor`) VALUES (100,"blandit viverra. , lorem fringilla ornare",10,0,"1969-12-31","1969-12-31","ullamcorper, velit in aliquet lobortis, nisi nibh lacinia orci, consectetuer euismod est arcu ac orci. Ut semper pretium neque. Morbi quis urna. Nunc quis arcu vel quam dignissim pharetra. Nam ac nulla. In tincidunt congue turpis. In condimentum. Donec at arcu. Vestibulum ante ipsum primis in faucibus orci luctus et ultrices posuere cubilia Curae; Donec tincidunt. Donec vitae erat vel pede blandit congue. In scelerisque scelerisque dui. Suspendisse ac metus vitae velit egestas lacinia. Sed congue, elit sed consequat auctor, nunc nulla vulputate dui, nec tempus mauris erat eget ipsum. Suspendisse sagittis. Nullam vitae diam. Proin dolor. Nulla semper tellus id nunc interdum feugiat. Sed nec metus facilisis lorem tristique aliquet.",100);
INSERT INTO `Manuscript` (`id_manuscript`,`title`,`ri_code`,`status`,`date_received`,`date_last_status_changed`,`file`,`id_editor`) VALUES (101,"volutpat. Nulla. Maecenas ornare egestas",11,1,"1969-12-31","1970-01-11","montes, nascetur ridiculus mus. Donec dignissim magna a tortor. Nunc commodo auctor velit. Aliquam nisl. Nulla eu neque pellentesque massa lobortis ultrices. Vivamus rhoncus. Donec est. Nunc ullamcorper, velit in aliquet lobortis, nisi nibh lacinia orci, consectetuer euismod est arcu ac orci. Ut semper pretium neque. Morbi quis urna. Nunc quis arcu vel quam dignissim pharetra. Nam ac nulla. In tincidunt congue turpis. In condimentum. Donec at arcu. Vestibulum ante ipsum primis in faucibus orci luctus et ultrices posuere cubilia Curae; Donec tincidunt. Donec vitae erat vel pede blandit congue. In scelerisque scelerisque dui. Suspendisse ac metus vitae velit egestas lacinia. Sed congue, elit sed consequat auctor, nunc nulla vulputate dui, nec tempus mauris erat eget ipsum. Suspendisse sagittis. Nullam vitae diam. Proin dolor. Nulla semper tellus id nunc interdum feugiat. Sed nec metus facilisis lorem tristique aliquet. Phasellus fermentum convallis ligula. Donec luctus aliquet odio. Etiam ligula tortor, dictum eu, placerat",101);
INSERT INTO `Manuscript` (`id_manuscript`,`title`,`ri_code`,`status`,`date_received`,`date_last_status_changed`,`file`,`id_editor`) VALUES (102,"molestie in, eu, ligula. Aenean",12,2,"1969-12-31","1970-01-09","tempus mauris erat eget ipsum. Suspendisse sagittis. Nullam vitae diam. Proin dolor. Nulla semper tellus id nunc interdum feugiat. Sed nec metus facilisis lorem tristique aliquet. Phasellus fermentum convallis ligula. Donec luctus aliquet odio. Etiam ligula tortor, dictum eu, placerat eget, venenatis a, magna. Lorem ipsum dolor sit amet, consectetuer adipiscing elit. Etiam laoreet, libero et tristique pellentesque, tellus sem mollis dui, in sodales elit erat vitae risus. Duis a mi fringilla mi lacinia mattis. Integer eu lacus. Quisque imperdiet, erat nonummy ultricies ornare, elit elit fermentum risus, at fringilla purus mauris a nunc. In at pede. Cras vulputate velit eu sem. Pellentesque ut ipsum ac mi eleifend egestas. Sed pharetra, felis eget varius ultrices, mauris ipsum porta elit, a feugiat tellus lorem eu metus. In lorem. Donec elementum, lorem ut aliquam iaculis, lacus pede sagittis augue, eu tempor erat neque",102);
INSERT INTO `Manuscript` (`id_manuscript`,`title`,`ri_code`,`status`,`date_received`,`date_last_status_changed`,`file`,`id_editor`) VALUES (103,"dui lectus rutrum urna, nec",11,3,"1969-12-31","1970-02-09","Donec tincidunt. Donec vitae erat vel pede blandit congue. In scelerisque scelerisque dui. Suspendisse ac metus vitae velit egestas lacinia. Sed congue, elit sed consequat auctor, nunc nulla vulputate dui, nec tempus mauris erat eget ipsum. Suspendisse sagittis. Nullam vitae diam. Proin dolor. Nulla semper tellus id nunc interdum feugiat. Sed nec metus facilisis lorem tristique aliquet. Phasellus fermentum convallis ligula. Donec luctus aliquet odio. Etiam ligula tortor, dictum eu, placerat eget, venenatis a, magna. Lorem ipsum dolor sit amet, consectetuer adipiscing elit. Etiam laoreet, libero et tristique pellentesque, tellus sem mollis dui, in sodales elit erat vitae risus. Duis a mi fringilla mi lacinia mattis. Integer eu lacus. Quisque imperdiet, erat nonummy ultricies ornare, elit elit fermentum risus, at fringilla purus mauris a nunc. In at pede. Cras vulputate velit eu sem. Pellentesque ut ipsum ac mi eleifend egestas. Sed pharetra, felis eget varius ultrices, mauris ipsum porta elit, a feugiat tellus lorem eu metus. In lorem. Donec elementum, lorem ut aliquam iaculis, lacus pede sagittis augue, eu tempor erat neque non quam. Pellentesque habitant",103);
INSERT INTO `Manuscript` (`id_manuscript`,`title`,`ri_code`,`status`,`date_received`,`date_last_status_changed`,`file`,`id_editor`) VALUES (104,"felis.  tempor, ac mattis, dui lectus",13,4,"1969-12-31","1970-03-09","Donec sollicitudin adipiscing ligula. Aenean gravida nunc sed pede. Cum sociis natoque penatibus et magnis dis parturient montes, nascetur ridiculus mus. Proin vel arcu eu odio tristique pharetra. Quisque ac libero nec ligula consectetuer rhoncus. Nullam velit dui, semper et, lacinia vitae, sodales at, velit. Pellentesque ultricies dignissim lacus. Aliquam rutrum lorem ac risus. Morbi metus. Vivamus euismod urna. Nullam lobortis quam a felis ullamcorper viverra. Maecenas iaculis aliquet diam. Sed diam lorem, auctor quis, tristique ac, eleifend vitae, erat. Vivamus nisi. Mauris nulla. Integer urna. Vivamus molestie dapibus ligula. Aliquam erat volutpat. Nulla dignissim. Maecenas ornare egestas ligula. Nullam feugiat placerat velit. Quisque varius. Nam porttitor scelerisque neque. Nullam nisl.",104);
INSERT INTO `Manuscript` (`id_manuscript`,`title`,`ri_code`,`status`,`date_received`,`date_last_status_changed`,`file`,`id_editor`) VALUES (105,"cursus, diam at  urna convallis erat, eget",14,5,"1969-12-31","1970-04-09","orci luctus et ultrices posuere cubilia Curae; Donec tincidunt. Donec vitae erat vel pede blandit congue. In scelerisque scelerisque dui. Suspendisse ac metus vitae velit egestas lacinia. Sed congue, elit sed consequat auctor, nunc nulla vulputate dui, nec tempus mauris erat eget ipsum. Suspendisse sagittis. Nullam vitae diam. Proin dolor. Nulla semper tellus id nunc interdum feugiat. Sed nec metus facilisis lorem tristique aliquet. Phasellus fermentum convallis ligula. Donec luctus aliquet odio. Etiam ligula tortor, dictum eu, placerat eget, venenatis a, magna. Lorem ipsum dolor sit amet, consectetuer adipiscing elit. Etiam laoreet, libero et tristique pellentesque, tellus sem mollis dui, in sodales elit erat vitae risus. Duis a mi fringilla mi lacinia mattis. Integer eu lacus. Quisque imperdiet, erat nonummy ultricies ornare, elit elit fermentum risus, at fringilla purus mauris a nunc. In at pede. Cras vulputate velit eu sem. Pellentesque ut ipsum ac mi eleifend egestas. Sed pharetra, felis eget varius ultrices, mauris ipsum porta elit, a feugiat",105);
INSERT INTO `Manuscript` (`id_manuscript`,`title`,`ri_code`,`status`,`date_received`,`date_last_status_changed`,`file`,`id_editor`) VALUES (106,"dui. Fusce diam nunc, eu, euismod ac,",12,6,"1969-12-31","2017-10-04","scelerisque sed, sapien. Nunc pulvinar arcu et pede. Nunc sed orci lobortis augue scelerisque mollis. Phasellus libero mauris, aliquam eu, accumsan sed, facilisis vitae, orci. Phasellus dapibus quam quis diam. Pellentesque habitant morbi tristique senectus et netus et malesuada fames ac turpis egestas. Fusce aliquet magna a neque. Nullam ut nisi a odio semper cursus. Integer mollis. Integer tincidunt aliquam arcu. Aliquam ultrices iaculis odio. Nam interdum enim non nisi. Aenean eget metus. In nec orci. Donec nibh. Quisque nonummy ipsum non arcu. Vivamus sit amet risus. Donec egestas. Aliquam nec enim. Nunc ut erat. Sed nunc est, mollis non, cursus non, egestas a, dui. Cras pellentesque. Sed dictum. Proin eget odio. Aliquam vulputate ullamcorper magna. Sed eu eros. Nam consequat dolor vitae dolor. Donec fringilla. Donec feugiat metus sit amet ante. Vivamus non lorem vitae odio sagittis semper. Nam tempor diam dictum sapien. Aenean massa. Integer vitae nibh. Donec est mauris, rhoncus id, mollis nec, cursus a, enim. Suspendisse aliquet, sem ut cursus luctus, ipsum leo elementum sem, vitae aliquam eros turpis non enim. Mauris quis",106);
INSERT INTO `Manuscript` (`id_manuscript`,`title`,`ri_code`,`status`,`date_received`,`date_last_status_changed`,`file`,`id_editor`) VALUES (107,"sadsda mfavamus nisi.",13,6,"1969-12-31","2017-07-09","neque non quam. Pellentesque habitant morbi tristique senectus et netus et malesuada fames ac turpis egestas. Aliquam fringilla cursus purus. Nullam scelerisque neque sed sem egestas blandit. Nam nulla magna, malesuada vel, convallis in, cursus et, eros. Proin ultrices. Duis volutpat nunc sit amet metus. Aliquam erat volutpat. Nulla facilisis. Suspendisse commodo tincidunt nibh. Phasellus nulla. Integer vulputate, risus a ultricies adipiscing, enim mi tempor lorem, eget mollis lectus pede et risus. Quisque libero lacus, varius et, euismod et, commodo at, libero. Morbi accumsan laoreet ipsum. Curabitur consequat, lectus sit amet luctus vulputate, nisi sem semper erat, in consectetuer ipsum nunc id enim. Curabitur massa. Vestibulum accumsan neque et nunc. Quisque ornare tortor at risus. Nunc ac sem ut dolor dapibus gravida. Aliquam tincidunt, nunc ac mattis ornare, lectus ante dictum mi, ac mattis velit justo nec ante. Maecenas mi felis, adipiscing fringilla, porttitor vulputate, posuere vulputate, lacus. Cras interdum. Nunc sollicitudin commodo ipsum. Suspendisse non leo. Vivamus nibh dolor, nonummy ac, feugiat non, lobortis quis, pede. Suspendisse dui. Fusce diam nunc, ullamcorper eu, euismod ac, fermentum vel, mauris. Integer sem elit, pharetra ut, pharetra sed, hendrerit a, arcu. Sed et libero. Proin mi. Aliquam gravida mauris ut mi.",107);
INSERT INTO `Manuscript` (`id_manuscript`,`title`,`ri_code`,`status`,`date_received`,`date_last_status_changed`,`file`,`id_editor`) VALUES (108,"euismod ac, dui. Fusce diam nunc, eu, ",14,6,"1969-12-31","2017-10-04","scelerisque sed, sapien. Nunc pulvinar arcu et pede. Nunc sed orci lobortis augue scelerisque mollis. Phasellus libero mauris, aliquam eu, accumsan sed, facilisis vitae, orci. Phasellus dapibus quam quis diam. Pellentesque habitant morbi tristique senectus et netus et malesuada fames ac turpis egestas. Fusce aliquet magna a neque. Nullam ut nisi a odio semper cursus. Integer mollis. Integer tincidunt aliquam arcu. Aliquam ultrices iaculis odio. Nam interdum enim non nisi. Aenean eget metus. In nec orci. Donec nibh. Quisque nonummy ipsum non arcu. Vivamus sit amet risus. Donec egestas. Aliquam nec enim. Nunc ut erat. Sed nunc est, mollis non, cursus non, egestas a, dui. Cras pellentesque. Sed dictum. Proin eget odio. Aliquam vulputate ullamcorper magna. Sed eu eros. Nam consequat dolor vitae dolor. Donec fringilla. Donec feugiat metus sit amet ante. Vivamus non lorem vitae odio sagittis semper. Nam tempor diam dictum sapien. Aenean massa. Integer vitae nibh. Donec est mauris, rhoncus id, mollis nec, cursus a, enim. Suspendisse aliquet, sem ut cursus luctus, ipsum leo elementum sem, vitae aliquam eros turpis non enim. Mauris quis",106);
INSERT INTO `Manuscript` (`id_manuscript`,`title`,`ri_code`,`status`,`date_received`,`date_last_status_changed`,`file`,`id_editor`) VALUES (109,"ac, vittristiqueae, erat. Vivamus nisi.",10,6,"1969-12-31","2017-07-09","neque non quam. Pellentesque habitant morbi tristique senectus et netus et malesuada fames ac turpis egestas. Aliquam fringilla cursus purus. Nullam scelerisque neque sed sem egestas blandit. Nam nulla magna, malesuada vel, convallis in, cursus et, eros. Proin ultrices. Duis volutpat nunc sit amet metus. Aliquam erat volutpat. Nulla facilisis. Suspendisse commodo tincidunt nibh. Phasellus nulla. Integer vulputate, risus a ultricies adipiscing, enim mi tempor lorem, eget mollis lectus pede et risus. Quisque libero lacus, varius et, euismod et, commodo at, libero. Morbi accumsan laoreet ipsum. Curabitur consequat, lectus sit amet luctus vulputate, nisi sem semper erat, in consectetuer ipsum nunc id enim. Curabitur massa. Vestibulum accumsan neque et nunc. Quisque ornare tortor at risus. Nunc ac sem ut dolor dapibus gravida. Aliquam tincidunt, nunc ac mattis ornare, lectus ante dictum mi, ac mattis velit justo nec ante. Maecenas mi felis, adipiscing fringilla, porttitor vulputate, posuere vulputate, lacus. Cras interdum. Nunc sollicitudin commodo ipsum. Suspendisse non leo. Vivamus nibh dolor, nonummy ac, feugiat non, lobortis quis, pede. Suspendisse dui. Fusce diam nunc, ullamcorper eu, euismod ac, fermentum vel, mauris. Integer sem elit, pharetra ut, pharetra sed, hendrerit a, arcu. Sed et libero. Proin mi. Aliquam gravida mauris ut mi.",107);
INSERT INTO `Manuscript` (`id_manuscript`,`title`,`ri_code`,`status`,`date_received`,`date_last_status_changed`,`file`,`id_editor`) VALUES (110,"diam nunc, eu, euismod ac,",11,6,"1969-12-31","2017-10-04","scelerisque sed, sapien. Nunc pulvinar arcu et pede. Nunc sed orci lobortis augue scelerisque mollis. Phasellus libero mauris, aliquam eu, accumsan sed, facilisis vitae, orci. Phasellus dapibus quam quis diam. Pellentesque habitant morbi tristique senectus et netus et malesuada fames ac turpis egestas. Fusce aliquet magna a neque. Nullam ut nisi a odio semper cursus. Integer mollis. Integer tincidunt aliquam arcu. Aliquam ultrices iaculis odio. Nam interdum enim non nisi. Aenean eget metus. In nec orci. Donec nibh. Quisque nonummy ipsum non arcu. Vivamus sit amet risus. Donec egestas. Aliquam nec enim. Nunc ut erat. Sed nunc est, mollis non, cursus non, egestas a, dui. Cras pellentesque. Sed dictum. Proin eget odio. Aliquam vulputate ullamcorper magna. Sed eu eros. Nam consequat dolor vitae dolor. Donec fringilla. Donec feugiat metus sit amet ante. Vivamus non lorem vitae odio sagittis semper. Nam tempor diam dictum sapien. Aenean massa. Integer vitae nibh. Donec est mauris, rhoncus id, mollis nec, cursus a, enim. Suspendisse aliquet, sem ut cursus luctus, ipsum leo elementum sem, vitae aliquam eros turpis non enim. Mauris quis",106);
INSERT INTO `Manuscript` (`id_manuscript`,`title`,`ri_code`,`status`,`date_received`,`date_last_status_changed`,`file`,`id_editor`) VALUES (111,"Vivamus tristique ac, vitae, erat. nisi.",11,6,"1969-12-31","2017-10-04","neque non quam. Pellentesque habitant morbi tristique senectus et netus et malesuada fames ac turpis egestas. Aliquam fringilla cursus purus. Nullam scelerisque neque sed sem egestas blandit. Nam nulla magna, malesuada vel, convallis in, cursus et, eros. Proin ultrices. Duis volutpat nunc sit amet metus. Aliquam erat volutpat. Nulla facilisis. Suspendisse commodo tincidunt nibh. Phasellus nulla. Integer vulputate, risus a ultricies adipiscing, enim mi tempor lorem, eget mollis lectus pede et risus. Quisque libero lacus, varius et, euismod et, commodo at, libero. Morbi accumsan laoreet ipsum. Curabitur consequat, lectus sit amet luctus vulputate, nisi sem semper erat, in consectetuer ipsum nunc id enim. Curabitur massa. Vestibulum accumsan neque et nunc. Quisque ornare tortor at risus. Nunc ac sem ut dolor dapibus gravida. Aliquam tincidunt, nunc ac mattis ornare, lectus ante dictum mi, ac mattis velit justo nec ante. Maecenas mi felis, adipiscing fringilla, porttitor vulputate, posuere vulputate, lacus. Cras interdum. Nunc sollicitudin commodo ipsum. Suspendisse non leo. Vivamus nibh dolor, nonummy ac, feugiat non, lobortis quis, pede. Suspendisse dui. Fusce diam nunc, ullamcorper eu, euismod ac, fermentum vel, mauris. Integer sem elit, pharetra ut, pharetra sed, hendrerit a, arcu. Sed et libero. Proin mi. Aliquam gravida mauris ut mi.",107);

-- first author
INSERT INTO `Manuscript_Authors` (`id_manuscript`,`id_author`,`author_order`) VALUES (100,100,1);
INSERT INTO `Manuscript_Authors` (`id_manuscript`,`id_author`,`author_order`) VALUES (101,101,1);
INSERT INTO `Manuscript_Authors` (`id_manuscript`,`id_author`,`author_order`) VALUES (102,102,1);
INSERT INTO `Manuscript_Authors` (`id_manuscript`,`id_author`,`author_order`) VALUES (103,103,1);
INSERT INTO `Manuscript_Authors` (`id_manuscript`,`id_author`,`author_order`) VALUES (104,104,1);
INSERT INTO `Manuscript_Authors` (`id_manuscript`,`id_author`,`author_order`) VALUES (105,105,1);
INSERT INTO `Manuscript_Authors` (`id_manuscript`,`id_author`,`author_order`) VALUES (106,106,1);
INSERT INTO `Manuscript_Authors` (`id_manuscript`,`id_author`,`author_order`) VALUES (107,107,1);
INSERT INTO `Manuscript_Authors` (`id_manuscript`,`id_author`,`author_order`) VALUES (108,108,1);
INSERT INTO `Manuscript_Authors` (`id_manuscript`,`id_author`,`author_order`) VALUES (109,109,1);
INSERT INTO `Manuscript_Authors` (`id_manuscript`,`id_author`,`author_order`) VALUES (110,110,1);
INSERT INTO `Manuscript_Authors` (`id_manuscript`,`id_author`,`author_order`) VALUES (111,111,1);
-- second author
INSERT INTO `Manuscript_Authors` (`id_manuscript`,`id_author`,`author_order`) VALUES (100,108,2);
INSERT INTO `Manuscript_Authors` (`id_manuscript`,`id_author`,`author_order`) VALUES (101,109,2);
INSERT INTO `Manuscript_Authors` (`id_manuscript`,`id_author`,`author_order`) VALUES (102,110,2);
INSERT INTO `Manuscript_Authors` (`id_manuscript`,`id_author`,`author_order`) VALUES (103,111,2);
INSERT INTO `Manuscript_Authors` (`id_manuscript`,`id_author`,`author_order`) VALUES (104,112,2);
INSERT INTO `Manuscript_Authors` (`id_manuscript`,`id_author`,`author_order`) VALUES (105,113,2);
INSERT INTO `Manuscript_Authors` (`id_manuscript`,`id_author`,`author_order`) VALUES (106,114,2);
INSERT INTO `Manuscript_Authors` (`id_manuscript`,`id_author`,`author_order`) VALUES (107,115,2);
-- third author
INSERT INTO `Manuscript_Authors` (`id_manuscript`,`id_author`,`author_order`) VALUES (104,116,3);
INSERT INTO `Manuscript_Authors` (`id_manuscript`,`id_author`,`author_order`) VALUES (105,117,3);
INSERT INTO `Manuscript_Authors` (`id_manuscript`,`id_author`,`author_order`) VALUES (106,118,3);
INSERT INTO `Manuscript_Authors` (`id_manuscript`,`id_author`,`author_order`) VALUES (107,119,3);

-- 5 of 7 manuscripts were accepted and under publication process
INSERT INTO `Manuscript_Publication` (`id_manuscript`,`issue_num`,`accepted_date`,`typeset`) VALUES (103,103,"2016-11-24",false);
INSERT INTO `Manuscript_Publication` (`id_manuscript`,`issue_num`,`accepted_date`,`typeset`) VALUES (104,103,"2016-11-04",false);
INSERT INTO `Manuscript_Publication` (`id_manuscript`,`issue_num`,`accepted_date`,`typeset`) VALUES (105,102,"2016-11-11",false);
INSERT INTO `Manuscript_Publication` (`id_manuscript`,`issue_num`,`accepted_date`,`typeset`,`number_of_pages`,`order_in_issue`,`beginning_page`) VALUES (106,101,"2016-11-14",true,10,1,1);
INSERT INTO `Manuscript_Publication` (`id_manuscript`,`issue_num`,`accepted_date`,`typeset`,`number_of_pages`,`order_in_issue`,`beginning_page`) VALUES (107,100,"2016-11-24",true,11,2,12);
INSERT INTO `Manuscript_Publication` (`id_manuscript`,`issue_num`,`accepted_date`,`typeset`,`number_of_pages`,`order_in_issue`,`beginning_page`) VALUES (108,101,"2016-12-24",true,8,3,25);
INSERT INTO `Manuscript_Publication` (`id_manuscript`,`issue_num`,`accepted_date`,`typeset`,`number_of_pages`,`order_in_issue`,`beginning_page`) VALUES (109,100,"2016-11-21",true,8,3,23);
INSERT INTO `Manuscript_Publication` (`id_manuscript`,`issue_num`,`accepted_date`,`typeset`,`number_of_pages`,`order_in_issue`,`beginning_page`) VALUES (110,101,"2016-11-20",true,14,2,11);
INSERT INTO `Manuscript_Publication` (`id_manuscript`,`issue_num`,`accepted_date`,`typeset`,`number_of_pages`,`order_in_issue`,`beginning_page`) VALUES (111,100,"2016-12-14",true,11,1,1);

-- each paper has 3 reviewers
INSERT INTO `Review_Decision` (`id_manuscript`,`id_reviewer`,`date_assigned`) VALUES (100,100,"2017-9-12");
INSERT INTO `Review_Decision` (`id_manuscript`,`id_reviewer`,`date_assigned`) VALUES (100,101,"2017-9-12");
INSERT INTO `Review_Decision` (`id_manuscript`,`id_reviewer`,`date_assigned`) VALUES (100,102,"2017-9-12");
INSERT INTO `Review_Decision` (`id_manuscript`,`id_reviewer`,`date_assigned`) VALUES (101,103,"2017-9-12");
INSERT INTO `Review_Decision` (`id_manuscript`,`id_reviewer`,`date_assigned`) VALUES (101,104,"2017-9-12");
INSERT INTO `Review_Decision` (`id_manuscript`,`id_reviewer`,`date_assigned`) VALUES (101,105,"2017-9-12");
INSERT INTO `Review_Decision` (`id_manuscript`,`id_reviewer`,`date_assigned`) VALUES (102,106,"2017-9-12");
INSERT INTO `Review_Decision` (`id_manuscript`,`id_reviewer`,`date_assigned`) VALUES (102,107,"2017-9-12");
INSERT INTO `Review_Decision` (`id_manuscript`,`id_reviewer`,`date_assigned`) VALUES (102,108,"2017-9-12");
INSERT INTO `Review_Decision` (`id_manuscript`,`id_reviewer`,`date_assigned`) VALUES (103,109,"2017-9-12");
INSERT INTO `Review_Decision` (`id_manuscript`,`id_reviewer`,`date_assigned`) VALUES (103,110,"2017-9-12");
INSERT INTO `Review_Decision` (`id_manuscript`,`id_reviewer`,`date_assigned`) VALUES (103,111,"2017-9-12");
INSERT INTO `Review_Decision` (`id_manuscript`,`id_reviewer`,`date_assigned`) VALUES (104,112,"2017-9-12");
INSERT INTO `Review_Decision` (`id_manuscript`,`id_reviewer`,`date_assigned`) VALUES (104,113,"2017-9-12");
INSERT INTO `Review_Decision` (`id_manuscript`,`id_reviewer`,`date_assigned`) VALUES (104,114,"2017-9-12");
INSERT INTO `Review_Decision` (`id_manuscript`,`id_reviewer`,`date_assigned`) VALUES (105,115,"2017-9-12");
INSERT INTO `Review_Decision` (`id_manuscript`,`id_reviewer`,`date_assigned`) VALUES (105,116,"2017-9-12");
INSERT INTO `Review_Decision` (`id_manuscript`,`id_reviewer`,`date_assigned`) VALUES (105,117,"2017-9-12");
INSERT INTO `Review_Decision` (`id_manuscript`,`id_reviewer`,`date_assigned`) VALUES (106,118,"2017-9-12");
INSERT INTO `Review_Decision` (`id_manuscript`,`id_reviewer`,`date_assigned`) VALUES (106,119,"2017-9-12");
INSERT INTO `Review_Decision` (`id_manuscript`,`id_reviewer`,`date_assigned`) VALUES (106,120,"2017-9-12");
INSERT INTO `Review_Decision` (`id_manuscript`,`id_reviewer`,`date_assigned`) VALUES (107,121,"2017-9-12");
INSERT INTO `Review_Decision` (`id_manuscript`,`id_reviewer`,`date_assigned`) VALUES (107,122,"2017-9-12");
INSERT INTO `Review_Decision` (`id_manuscript`,`id_reviewer`,`date_assigned`) VALUES (107,123,"2017-9-12");
INSERT INTO `Review_Decision` (`id_manuscript`,`id_reviewer`,`date_assigned`) VALUES (108,112,"2017-9-11");
INSERT INTO `Review_Decision` (`id_manuscript`,`id_reviewer`,`date_assigned`) VALUES (108,113,"2017-9-11");
INSERT INTO `Review_Decision` (`id_manuscript`,`id_reviewer`,`date_assigned`) VALUES (108,114,"2017-9-15");
INSERT INTO `Review_Decision` (`id_manuscript`,`id_reviewer`,`date_assigned`) VALUES (109,115,"2017-9-11");
INSERT INTO `Review_Decision` (`id_manuscript`,`id_reviewer`,`date_assigned`) VALUES (109,116,"2017-9-16");
INSERT INTO `Review_Decision` (`id_manuscript`,`id_reviewer`,`date_assigned`) VALUES (109,117,"2017-9-13");
INSERT INTO `Review_Decision` (`id_manuscript`,`id_reviewer`,`date_assigned`) VALUES (110,118,"2017-9-19");
INSERT INTO `Review_Decision` (`id_manuscript`,`id_reviewer`,`date_assigned`) VALUES (110,119,"2017-9-19");
INSERT INTO `Review_Decision` (`id_manuscript`,`id_reviewer`,`date_assigned`) VALUES (110,120,"2017-9-21");
INSERT INTO `Review_Decision` (`id_manuscript`,`id_reviewer`,`date_assigned`) VALUES (111,121,"2017-9-21");
INSERT INTO `Review_Decision` (`id_manuscript`,`id_reviewer`,`date_assigned`) VALUES (111,122,"2017-9-15");
INSERT INTO `Review_Decision` (`id_manuscript`,`id_reviewer`,`date_assigned`) VALUES (111,123,"2017-9-16");

-- 25 reviewer id:100-124
INSERT INTO `Reviewer` (`id_reviewer`,`first_name`,`last_name`,`email`,`id_affiliation`,`password`,`enabled`) VALUES (100,"Denton","Moore","nec.ante.Maecenas@nibh.org",118,"8495",0),(101,"Inga","Stuart","ut.lacus.Nulla@erosnectellus.net",106,"5604",0),(102,"Xandra","Snider","per@ac.net",108,"1161",1),(103,"Amethyst","Williamson","netus.et@Sed.net",119,"4835",0),(104,"Nadine","Alford","urna.et.arcu@urnaNullam.org",112,"5254",1);
INSERT INTO `Reviewer` (`id_reviewer`,`first_name`,`last_name`,`email`,`id_affiliation`,`password`,`enabled`) VALUES (105,"Quentin","Ryan","ac.sem@aliquamarcuAliquam.co.uk",116,"9283",1),(106,"Karina","Guerrero","dui.lectus@necante.net",111,"8775",1),(107,"Philip","Ratliff","turpis.Aliquam@elitCurabitur.org",110,"8035",1),(108,"Ulla","Spears","natoque.penatibus@ac.org",117,"5526",0),(109,"Todd","Conner","enim.nisl@necante.org",112,"4542",0);
INSERT INTO `Reviewer` (`id_reviewer`,`first_name`,`last_name`,`email`,`id_affiliation`,`password`,`enabled`) VALUES (110,"Garth","Todd","semper.rutrum.Fusce@consectetuer.ca",113,"1864",0),(111,"Tad","Mueller","sollicitudin.adipiscing@ataugueid.co.uk",115,"2989",1),(112,"Kieran","Clarke","at@Pellentesqueutipsum.com",102,"6944",0),(113,"Bruce","Russo","posuere.enim.nisl@sempertellusid.co.uk",117,"1998",1),(114,"Lillith","Bradshaw","laoreet.libero.et@orciUtsagittis.com",120,"6048",0);
INSERT INTO `Reviewer` (`id_reviewer`,`first_name`,`last_name`,`email`,`id_affiliation`,`password`,`enabled`) VALUES (115,"Aquila","Small","Mauris.blandit@egetlacus.ca",117,"9953",1),(116,"Callum","Lawson","purus.accumsan@velitjusto.org",101,"4255",1),(117,"Harlan","Sharp","nascetur.ridiculus.mus@fsa.co.uk",105,"7794",0),(118,"Murphy","Burris","mauris.sagittis.placerat@mauris.co.uk",110,"4752",0),(119,"Lisandra","Pugh","eu.euismod@egetodio.com",100,"2772",0);
INSERT INTO `Reviewer` (`id_reviewer`,`first_name`,`last_name`,`email`,`id_affiliation`,`password`,`enabled`) VALUES (120,"Dorothy","Leon","tincidunt.vehicula.risus@sapiengravidanon.com",107,"9427",0),(121,"Katelyn","Blake","purus@tinciduntpede.net",109,"8793",1),(122,"Clio","Ware","purus.sapien@ultrices.net",113,"1602",1),(123,"Rhea","Kramer","nisl.Maecenas@Aliquamultrices.org",104,"9034",1),(124,"Dillon","Holland","eu.arcu.Morbi@semut.edu",118,"5351",1);

-- interest code of each reviewer
INSERT INTO `Reviewer_Interest` (`id_reviewer`,`interest_code_1`,`interest_code_2`,`interest_code_3`) VALUES (100,11,19,46),(101,12,13,22),(102,34,13,70),(103,18,57,22),(104,28,14,52);
INSERT INTO `Reviewer_Interest` (`id_reviewer`,`interest_code_1`,`interest_code_2`,`interest_code_3`) VALUES (105,11,88,61),(106,12,2,58),(107,68,20,62),(108,59,10,56),(109,43,51,9);
INSERT INTO `Reviewer_Interest` (`id_reviewer`,`interest_code_1`,`interest_code_2`,`interest_code_3`) VALUES (110,11,7,66),(111,10,11,19),(112,64,31,48),(113,12,13,75),(114,45,22,21);
INSERT INTO `Reviewer_Interest` (`id_reviewer`,`interest_code_1`,`interest_code_2`,`interest_code_3`) VALUES (115,11,1,57),(116,80,78,43),(117,10,79,60),(118,63,66,64),(119,63,23,20);
INSERT INTO `Reviewer_Interest` (`id_reviewer`,`interest_code_1`,`interest_code_2`,`interest_code_3`) VALUES (120,11,79,32),(121,12,20,69),(122,73,31,21),(123,14,65,36),(124,15,14,23);